{
  "name": "localforage",
  "version": "1.2.0",
  "main": [
    "dist/localforage.js"
  ],
  "ignore": [
    ".travis.yml",
    "CONTRIBUTING.md",
    "config.rb",
    "Gemfile",
    "Gemfile.lock",
    "Rakefile",
    "LICENSE",
    "docs*",
    "examples*",
    "test*"
  ],
  "dependencies": {},
  "devDependencies": {
    "es6-promise": "~1.0.0",
    "requirejs": "~2.1.10",
    "mocha": "~1.18.2",
    "expect": "~0.3.1",
    "assert": "~0.1.0",
    "modernizr": "~2.8.1"
  },
  "homepage": "https://github.com/mozilla/localForage",
  "_release": "1.2.0",
  "_resolution": {
    "type": "version",
    "tag": "1.2.0",
    "commit": "ccf019200b9cfa0948c6884537e109eadcaf5240"
  },
  "_source": "git://github.com/mozilla/localForage.git",
  "_target": "1.2.0",
  "_originalSource": "localforage"
}