{
  "name": "angular-resource",
  "version": "1.3.12",
  "main": "./angular-resource.js",
  "ignore": [],
  "dependencies": {
    "angular": "1.3.12"
  },
  "homepage": "https://github.com/angular/bower-angular-resource",
  "_release": "1.3.12",
  "_resolution": {
    "type": "version",
    "tag": "v1.3.12",
    "commit": "52460871c657a24b3753aca9bf0942f6a6c58d19"
  },
  "_source": "git://github.com/angular/bower-angular-resource.git",
  "_target": ">=1.3.1",
  "_originalSource": "angular-resource"
}