{
  "name": "angular-scenario",
  "version": "1.3.12",
  "main": "./angular-scenario.js",
  "ignore": [],
  "dependencies": {
    "angular": "1.3.12"
  },
  "homepage": "https://github.com/angular/bower-angular-scenario",
  "_release": "1.3.12",
  "_resolution": {
    "type": "version",
    "tag": "v1.3.12",
    "commit": "8e95a5d1592d8b024883365d297e9313d5f9b10e"
  },
  "_source": "git://github.com/angular/bower-angular-scenario.git",
  "_target": ">=1.2.17",
  "_originalSource": "angular-scenario"
}