{
  "name": "angular-cookies",
  "version": "1.3.12",
  "main": "./angular-cookies.js",
  "ignore": [],
  "dependencies": {
    "angular": "1.3.12"
  },
  "homepage": "https://github.com/angular/bower-angular-cookies",
  "_release": "1.3.12",
  "_resolution": {
    "type": "version",
    "tag": "v1.3.12",
    "commit": "cb6809f09e793b93d1843e1e984522f3e9aa4d12"
  },
  "_source": "git://github.com/angular/bower-angular-cookies.git",
  "_target": ">=1.3.1",
  "_originalSource": "angular-cookies"
}